filename,file_size,file_attributes,region_count,region_id,region_shape_attributes,region_attributes
images/Set1/IMG (2987).jpg,-1,"{}",1,0,"{""name"":""rect"",""x"":28,""y"":1,""width"":54,""height"":41}","{""Age"":""15-25"",""Weight"":""normal-healthy"",""Gender"":""female"",""Economy-Class"":""middle class"",""Education"":""Educated"",""CarryingBag"":""None"",""Accessories"":{""Watch"":true,""Earings"":true},""Footwear"":""Normal"",""Demeanour"":""Average"",""ClothingStyle"":""Below Average"",""ImageQuality"":""Average"",""Emotion"":""Neutral"",""ClothingStyle2"":""Daily"",""BodyPose"":""Side""}"
images/Set1/IMG (7004).jpg,-1,"{}",1,0,"{""name"":""rect"",""x"":123,""y"":35,""width"":117,""height"":108}","{""Age"":""25-35"",""Weight"":""underweight"",""Gender"":""male"",""Economy-Class"":""middle class"",""Education"":""Educated"",""CarryingBag"":""None"",""Accessories"":{""Nothing"":true},""Footwear"":""CantSee"",""Demeanour"":""Average"",""ClothingStyle"":""Average"",""ImageQuality"":""Average"",""Emotion"":""Neutral"",""ClothingStyle2"":""Daily"",""BodyPose"":""Back""}"
images/Set1/IMG (841).jpg,-1,"{}",1,0,"{""name"":""rect"",""x"":61,""y"":16,""width"":55,""height"":52}","{""Age"":""25-35"",""Weight"":""slightly-overweight"",""Gender"":""male"",""Economy-Class"":""middle class"",""Education"":""Educated"",""CarryingBag"":""Grocery/Home/Plastic Bag"",""Accessories"":{""OtherJewellery"":true},""Footwear"":""Normal"",""Demeanour"":""Classy-Groomed"",""ClothingStyle"":""Average"",""ImageQuality"":""Good"",""Emotion"":""Neutral"",""ClothingStyle2"":""Formal/Business"",""BodyPose"":""Back""}"
images/Set1/7680_7.jpg,-1,"{}",1,0,"{""name"":""rect"",""x"":64,""y"":15,""width"":63,""height"":52}","{""Age"":""35-45"",""Weight"":""slightly-overweight"",""Gender"":""male"",""Economy-Class"":""middle class"",""Education"":""Educated"",""CarryingBag"":""Shopping "",""Accessories"":{""OtherJewellery"":true},""Footwear"":""Normal"",""Demeanour"":""Average"",""ClothingStyle"":""Average"",""ImageQuality"":""Bad"",""Emotion"":""Neutral"",""ClothingStyle2"":""Daily"",""BodyPose"":""Front-Frontish""}"
images/Set1/16380_2.jpg,-1,"{}",1,0,"{""name"":""rect"",""x"":24,""y"":23,""width"":92,""height"":68}","{""Accessories"":{""Watch"":true},""Age"":""25-35"",""Weight"":""slightly-overweight"",""Gender"":""male"",""Economy-Class"":""middle class"",""Education"":""Educated"",""CarryingBag"":""None"",""Footwear"":""Normal"",""Demeanour"":""Classy-Groomed"",""ClothingStyle"":""Average"",""ImageQuality"":""Average"",""Emotion"":""Angry/Serious"",""ClothingStyle2"":""Daily"",""BodyPose"":""Front-Frontish""}"
images/Set1/IMG (5951).jpg,-1,"{}",1,0,"{""name"":""rect"",""x"":139,""y"":72,""width"":114,""height"":114}","{""Accessories"":{""Nothing"":true},""Age"":""25-35"",""Weight"":""normal-healthy"",""Gender"":""male"",""Economy-Class"":""middle class"",""Education"":""Educated"",""CarryingBag"":""None"",""Footwear"":""CantSee"",""Demeanour"":""Average"",""ClothingStyle"":""Below Average"",""ImageQuality"":""Average"",""Emotion"":""Neutral"",""ClothingStyle2"":""Daily"",""BodyPose"":""Back""}"
images/Set1/IMG (783).jpg,-1,"{}",1,0,"{""name"":""rect"",""x"":70,""y"":3,""width"":51,""height"":43}","{""Accessories"":{""OtherJewellery"":true},""Age"":""15-25"",""Weight"":""normal-healthy"",""Gender"":""female"",""Economy-Class"":""middle class"",""Education"":""Educated"",""CarryingBag"":""None"",""Footwear"":""Fancy"",""Demeanour"":""Classy-Groomed"",""ClothingStyle"":""Average"",""ImageQuality"":""Average"",""Emotion"":""Neutral"",""ClothingStyle2"":""Daily"",""BodyPose"":""Front-Frontish""}"
images/Set1/IMG (3924).jpg,-1,"{}",1,0,"{""name"":""rect"",""x"":55,""y"":18,""width"":76,""height"":66}","{""Accessories"":{""Nothing"":true},""Age"":""15-25"",""Weight"":""slightly-overweight"",""Gender"":""male"",""Economy-Class"":""lower middle class"",""Education"":""Uneducation"",""CarryingBag"":""None"",""Footwear"":""CantSee"",""Demeanour"":""Unkept"",""ClothingStyle"":""Below Average"",""ImageQuality"":""Average"",""Emotion"":""Angry/Serious"",""ClothingStyle2"":""Daily"",""BodyPose"":""Side""}"
images/Set1/IMG (1640).jpg,-1,"{}",1,0,"{""name"":""rect"",""x"":66,""y"":0,""width"":77,""height"":57}","{""Accessories"":{""Nothing"":true},""Age"":""25-35"",""Weight"":""over-weight"",""Gender"":""male"",""Economy-Class"":""lower middle class"",""Education"":""Uneducation"",""CarryingBag"":""Daily/Office/Work Bag"",""Footwear"":""Normal"",""Demeanour"":""Average"",""ClothingStyle"":""Average"",""ImageQuality"":""Average"",""Emotion"":""Angry/Serious"",""ClothingStyle2"":""Daily"",""BodyPose"":""Front-Frontish""}"
images/Set1/14730_2 (2).jpg,-1,"{}",1,0,"{""name"":""rect"",""x"":68,""y"":38,""width"":52,""height"":48}","{""Accessories"":{""OtherJewellery"":true,""Watch"":true},""Age"":""25-35"",""Weight"":""normal-healthy"",""Gender"":""female"",""Economy-Class"":""upper class"",""Education"":""Educated"",""CarryingBag"":""Grocery/Home/Plastic Bag"",""Footwear"":""Fancy"",""Demeanour"":""Classy-Groomed"",""ClothingStyle"":""Classy-Fashionable"",""ImageQuality"":""Average"",""Emotion"":""Happy"",""ClothingStyle2"":""Daily"",""BodyPose"":""Front-Frontish""}"
images/Set1/5070_2 (2).jpg,-1,"{}",1,0,"{""name"":""rect"",""x"":25,""y"":18,""width"":50,""height"":49}","{""Accessories"":{""Nothing"":true},""Age"":""35-45"",""Weight"":""slightly-overweight"",""Gender"":""male"",""Economy-Class"":""middle class"",""Education"":""Educated"",""CarryingBag"":""Grocery/Home/Plastic Bag"",""Footwear"":""Normal"",""Demeanour"":""Unkept"",""ClothingStyle"":""Below Average"",""ImageQuality"":""Bad"",""Emotion"":""Neutral"",""ClothingStyle2"":""Daily"",""BodyPose"":""Side""}"
images/Set1/IMG (777).jpg,-1,"{}",1,0,"{""name"":""rect"",""x"":78,""y"":3,""width"":61,""height"":62}","{""Accessories"":{""OtherJewellery"":true},""Age"":""25-35"",""Weight"":""normal-healthy"",""Gender"":""female"",""Economy-Class"":""middle class"",""Education"":""Educated"",""CarryingBag"":""None"",""Footwear"":""Normal"",""Demeanour"":""Classy-Groomed"",""ClothingStyle"":""Classy-Fashionable"",""ImageQuality"":""Average"",""Emotion"":""Neutral"",""ClothingStyle2"":""Daily"",""BodyPose"":""Front-Frontish""}"
images/Set1/IMG (6826).jpg,-1,"{}",1,0,"{""name"":""rect"",""x"":88,""y"":0,""width"":122,""height"":117}","{""Accessories"":{""OtherJewellery"":true},""Age"":""45-55"",""Weight"":""slightly-overweight"",""Gender"":""male"",""Economy-Class"":""upper class"",""Education"":""Educated"",""CarryingBag"":""None"",""Footwear"":""Normal"",""Demeanour"":""Classy-Groomed"",""ClothingStyle"":""Average"",""ImageQuality"":""Average"",""Emotion"":""Happy"",""ClothingStyle2"":""Daily"",""BodyPose"":""Front-Frontish""}"
images/Set1/37500_3.jpg,-1,"{}",1,0,"{""name"":""rect"",""x"":59,""y"":1,""width"":39,""height"":41}","{""Accessories"":{""Nothing"":true},""Age"":""15-25"",""Weight"":""normal-healthy"",""Gender"":""male"",""Economy-Class"":""middle class"",""Education"":""Educated"",""CarryingBag"":""None"",""Footwear"":""CantSee"",""Demeanour"":""Average"",""ClothingStyle"":""Average"",""ImageQuality"":""Average"",""Emotion"":""Happy"",""ClothingStyle2"":""Daily"",""BodyPose"":""Front-Frontish""}"
images/Set1/IMG (598).jpg,-1,"{}",1,0,"{""name"":""rect"",""x"":69,""y"":24,""width"":49,""height"":51}","{""Accessories"":{""Cap"":true,""OtherJewellery"":true},""Age"":""15-25"",""Weight"":""normal-healthy"",""Gender"":""male"",""Economy-Class"":""middle class"",""Education"":""Educated"",""CarryingBag"":""None"",""Footwear"":""CantSee"",""Demeanour"":""Average"",""ClothingStyle"":""Average"",""ImageQuality"":""Average"",""Emotion"":""Neutral"",""ClothingStyle2"":""Daily"",""BodyPose"":""Back""}"
images/Set1/IMG (1892).jpg,-1,"{}",1,0,"{""name"":""rect"",""x"":52,""y"":11,""width"":64,""height"":72}","{""Accessories"":{""Watch"":true,""OtherJewellery"":true},""Age"":""45-55"",""Weight"":""slightly-overweight"",""Gender"":""male"",""Economy-Class"":""upper class"",""Education"":""Educated"",""CarryingBag"":""None"",""Footwear"":""CantSee"",""Demeanour"":""Classy-Groomed"",""ClothingStyle"":""Classy-Fashionable"",""ImageQuality"":""Average"",""Emotion"":""Neutral"",""ClothingStyle2"":""Daily"",""BodyPose"":""Front-Frontish""}"
images/Set1/24720_0 (2).jpg,-1,"{}",1,0,"{""name"":""rect"",""x"":97,""y"":6,""width"":63,""height"":71}","{""Accessories"":{""Nothing"":true},""Age"":""35-45"",""Weight"":""normal-healthy"",""Gender"":""male"",""Economy-Class"":""lower middle class"",""Education"":""Uneducation"",""CarryingBag"":""None"",""Footwear"":""CantSee"",""Demeanour"":""Average"",""ClothingStyle"":""Average"",""ImageQuality"":""Average"",""Emotion"":""Angry/Serious"",""ClothingStyle2"":""Daily"",""BodyPose"":""Front-Frontish""}"
images/Set1/8850_6.jpg,-1,"{}",1,0,"{""name"":""rect"",""x"":45,""y"":44,""width"":104,""height"":99}","{""Accessories"":{""Nothing"":true},""Age"":""15-25"",""Weight"":""normal-healthy"",""Gender"":""female"",""Economy-Class"":""middle class"",""Education"":""Educated"",""CarryingBag"":""Daily/Office/Work Bag"",""Footwear"":""CantSee"",""Demeanour"":""Average"",""ClothingStyle"":""Average"",""ImageQuality"":""Average"",""Emotion"":""Angry/Serious"",""ClothingStyle2"":""Daily"",""BodyPose"":""Front-Frontish""}"
images/Set1/IMG (7539).jpg,-1,"{}",1,0,"{""name"":""rect"",""x"":92,""y"":30,""width"":62,""height"":78}","{""Accessories"":{""Nothing"":true},""Age"":""25-35"",""Weight"":""normal-healthy"",""Gender"":""male"",""Economy-Class"":""middle class"",""Education"":""Educated"",""CarryingBag"":""None"",""Footwear"":""CantSee"",""Demeanour"":""Average"",""ClothingStyle"":""Average"",""ImageQuality"":""Good"",""Emotion"":""Neutral"",""ClothingStyle2"":""Ethnic"",""BodyPose"":""Back""}"
images/Set1/750_0 (4).jpg,-1,"{}",1,0,"{""name"":""rect"",""x"":66,""y"":30,""width"":144,""height"":139}","{""Accessories"":{""Nothing"":true},""Age"":""25-35"",""Weight"":""normal-healthy"",""Gender"":""male"",""Economy-Class"":""middle class"",""Education"":""Educated"",""CarryingBag"":""None"",""Footwear"":""CantSee"",""Demeanour"":""Average"",""ClothingStyle"":""Average"",""ImageQuality"":""Good"",""Emotion"":""Angry/Serious"",""ClothingStyle2"":""Daily"",""BodyPose"":""Front-Frontish""}"
images/Set1/40980_1.jpg,-1,"{}",1,0,"{""name"":""rect"",""x"":178,""y"":66,""width"":141,""height"":160}","{""Accessories"":{""Nothing"":true},""Age"":""25-35"",""Weight"":""slightly-overweight"",""Gender"":""female"",""Economy-Class"":""upper class"",""Education"":""Educated"",""CarryingBag"":""Grocery/Home/Plastic Bag"",""Footwear"":""Normal"",""Demeanour"":""Average"",""ClothingStyle"":""Classy-Fashionable"",""ImageQuality"":""Average"",""Emotion"":""Happy"",""ClothingStyle2"":""Sports"",""BodyPose"":""Front-Frontish""}"
images/Set1/IMG (4733).jpg,-1,"{}",1,0,"{""name"":""rect"",""x"":37,""y"":9,""width"":64,""height"":60}","{""Accessories"":{""Nothing"":true},""Age"":""25-35"",""Weight"":""normal-healthy"",""Gender"":""female"",""Economy-Class"":""middle class"",""Education"":""Educated"",""CarryingBag"":""Daily/Office/Work Bag"",""Footwear"":""Normal"",""Demeanour"":""Average"",""ClothingStyle"":""Average"",""ImageQuality"":""Bad"",""Emotion"":""Neutral"",""ClothingStyle2"":""Daily"",""BodyPose"":""Back""}"
images/Set1/10530_0 (3).jpg,-1,"{}",1,0,"{""name"":""rect"",""x"":49,""y"":15,""width"":38,""height"":34}","{""Accessories"":{""Watch"":true},""Age"":""25-35"",""Weight"":""over-weight"",""Gender"":""female"",""Economy-Class"":""middle class"",""Education"":""Educated"",""CarryingBag"":""Daily/Office/Work Bag"",""Footwear"":""Normal"",""Demeanour"":""Average"",""ClothingStyle"":""Average"",""ImageQuality"":""Average"",""Emotion"":""Sad"",""ClothingStyle2"":""Formal/Business"",""BodyPose"":""Front-Frontish""}"
images/Set1/IMG (3128).jpg,-1,"{}",1,0,"{""name"":""rect"",""x"":36,""y"":17,""width"":32,""height"":38}","{""Accessories"":{""Nothing"":true},""Age"":""25-35"",""Weight"":""underweight"",""Gender"":""female"",""Economy-Class"":""middle class"",""Education"":""Educated"",""CarryingBag"":""None"",""Footwear"":""Fancy"",""Demeanour"":""Average"",""ClothingStyle"":""Average"",""ImageQuality"":""Average"",""Emotion"":""Sad"",""ClothingStyle2"":""Daily"",""BodyPose"":""Front-Frontish""}"
images/Set1/27600_4.jpg,-1,"{}",1,0,"{""name"":""rect"",""x"":46,""y"":2,""width"":126,""height"":92}","{""Accessories"":{""Watch"":true,""OtherJewellery"":true},""Age"":""25-35"",""Weight"":""slightly-overweight"",""Gender"":""male"",""Economy-Class"":""middle class"",""Education"":""Educated"",""CarryingBag"":""Daily/Office/Work Bag"",""Footwear"":""Normal"",""Demeanour"":""Classy-Groomed"",""ClothingStyle"":""Average"",""ImageQuality"":""Average"",""Emotion"":""Happy"",""ClothingStyle2"":""Formal/Business"",""BodyPose"":""Front-Frontish""}"
images/Set1/22350_0 (2).jpg,-1,"{}",1,0,"{""name"":""rect"",""x"":165,""y"":26,""width"":209,""height"":212}","{""Accessories"":{""Nothing"":true},""Age"":""35-45"",""Weight"":""normal-healthy"",""Gender"":""male"",""Economy-Class"":""middle class"",""Education"":""Educated"",""CarryingBag"":""Shopping "",""Footwear"":""CantSee"",""Demeanour"":""Classy-Groomed"",""ClothingStyle"":""Average"",""ImageQuality"":""Good"",""Emotion"":""Angry/Serious"",""ClothingStyle2"":""Daily"",""BodyPose"":""Front-Frontish""}"
images/Set1/IMG (7432).jpg,-1,"{}",1,0,"{""name"":""rect"",""x"":69,""y"":21,""width"":173,""height"":118}","{""Accessories"":{""OtherJewellery"":true,""Cap"":true},""Age"":""25-35"",""Weight"":""slightly-overweight"",""Gender"":""male"",""Economy-Class"":""middle class"",""Education"":""Educated"",""CarryingBag"":""None"",""Footwear"":""CantSee"",""Demeanour"":""Average"",""ClothingStyle"":""Average"",""ImageQuality"":""Average"",""Emotion"":""Happy"",""ClothingStyle2"":""Daily"",""BodyPose"":""Side""}"
images/Set1/IMG (7535).jpg,-1,"{}",1,0,"{""name"":""rect"",""x"":77,""y"":15,""width"":96,""height"":97}","{""Accessories"":{""Cap"":true,""OtherJewellery"":true},""Age"":""25-35"",""Weight"":""normal-healthy"",""Gender"":""male"",""Economy-Class"":""middle class"",""Education"":""Educated"",""CarryingBag"":""Grocery/Home/Plastic Bag"",""Footwear"":""Normal"",""Demeanour"":""Average"",""ClothingStyle"":""Average"",""ImageQuality"":""Average"",""Emotion"":""Happy"",""ClothingStyle2"":""Ethnic"",""BodyPose"":""Front-Frontish""}"
images/Set1/20610_1.jpg,-1,"{}",1,0,"{""name"":""rect"",""x"":116,""y"":1,""width"":67,""height"":69}","{""Accessories"":{},""Age"":""35-45"",""Weight"":""normal-healthy"",""Gender"":""male"",""Economy-Class"":""middle class"",""Education"":""Educated"",""CarryingBag"":""None"",""Footwear"":""Normal"",""Demeanour"":""Classy-Groomed"",""ClothingStyle"":""Average"",""ImageQuality"":""Average"",""Emotion"":""Angry/Serious"",""ClothingStyle2"":""Formal/Business"",""BodyPose"":""Front-Frontish""}"
images/Set1/18600_0 (3).jpg,-1,"{}",1,0,"{""name"":""rect"",""x"":103,""y"":18,""width"":52,""height"":68}","{""Accessories"":{""Sunglasses"":true},""Age"":""25-35"",""Weight"":""normal-healthy"",""Gender"":""male"",""Economy-Class"":""middle class"",""Education"":""Educated"",""CarryingBag"":""Daily/Office/Work Bag"",""Footwear"":""Normal"",""Demeanour"":""Classy-Groomed"",""ClothingStyle"":""Average"",""ImageQuality"":""Average"",""Emotion"":""Angry/Serious"",""ClothingStyle2"":""Formal/Business"",""BodyPose"":""Back""}"
images/Set1/32940_1.jpg,-1,"{}",1,0,"{""name"":""rect"",""x"":20,""y"":4,""width"":42,""height"":46}","{""Accessories"":{""Nothing"":true},""Age"":""25-35"",""Weight"":""normal-healthy"",""Gender"":""male"",""Economy-Class"":""middle class"",""Education"":""Educated"",""CarryingBag"":""None"",""Footwear"":""Normal"",""Demeanour"":""Average"",""ClothingStyle"":""Average"",""ImageQuality"":""Average"",""Emotion"":""Happy"",""ClothingStyle2"":""Daily"",""BodyPose"":""Side""}"
images/Set1/IMG (7901).jpg,-1,"{}",1,0,"{""name"":""rect"",""x"":67,""y"":50,""width"":64,""height"":84}","{""Accessories"":{""Nothing"":true},""BodyPose"":""Back"",""ClothingStyle2"":""Daily"",""Emotion"":""Neutral"",""ImageQuality"":""Good"",""ClothingStyle"":""Average"",""Demeanour"":""Average"",""Footwear"":""CantSee"",""CarryingBag"":""Daily/Office/Work Bag"",""Education"":""Educated"",""Economy-Class"":""middle class"",""Gender"":""female"",""Weight"":""normal-healthy"",""Age"":""25-35""}"
images/Set1/10590_3 (3).jpg,-1,"{}",1,0,"{""name"":""rect"",""x"":267,""y"":20,""width"":160,""height"":191}","{""Accessories"":{""Watch"":true,""Sunglasses"":true,""OtherJewellery"":true},""Age"":""25-35"",""Weight"":""normal-healthy"",""Gender"":""female"",""Economy-Class"":""upper class"",""Education"":""Educated"",""CarryingBag"":""Daily/Office/Work Bag"",""Footwear"":""CantSee"",""Demeanour"":""Classy-Groomed"",""ClothingStyle"":""Classy-Fashionable"",""ImageQuality"":""Good"",""Emotion"":""Happy"",""ClothingStyle2"":""Daily"",""BodyPose"":""Front-Frontish""}"
images/Set1/IMG (6683).jpg,-1,"{}",1,0,"{""name"":""rect"",""x"":137,""y"":48,""width"":155,""height"":129}","{""Accessories"":{""OtherJewellery"":true},""Age"":""25-35"",""Weight"":""slightly-overweight"",""Gender"":""male"",""Economy-Class"":""middle class"",""Education"":""Educated"",""CarryingBag"":""None"",""Footwear"":""CantSee"",""Demeanour"":""Average"",""ClothingStyle"":""Average"",""ImageQuality"":""Good"",""Emotion"":""Neutral"",""ClothingStyle2"":""Daily"",""BodyPose"":""Front-Frontish""}"
images/Set1/25860_8.jpg,-1,"{}",1,0,"{""name"":""rect"",""x"":47,""y"":11,""width"":49,""height"":55}","{""Accessories"":{""Nothing"":true},""Age"":""25-35"",""Weight"":""normal-healthy"",""Gender"":""female"",""Economy-Class"":""middle class"",""Education"":""Educated"",""CarryingBag"":""Daily/Office/Work Bag"",""Footwear"":""Normal"",""Demeanour"":""Classy-Groomed"",""ClothingStyle"":""Classy-Fashionable"",""ImageQuality"":""Average"",""Emotion"":""Neutral"",""ClothingStyle2"":""Formal/Business"",""BodyPose"":""Front-Frontish""}"
images/Set1/25470_5.jpg,-1,"{}",1,0,"{""name"":""rect"",""x"":56,""y"":11,""width"":69,""height"":61}","{""Accessories"":{""Cap"":true},""Age"":""35-45"",""Weight"":""slightly-overweight"",""Gender"":""female"",""Economy-Class"":""upper class"",""Education"":""Educated"",""CarryingBag"":""Shopping "",""Footwear"":""Normal"",""Demeanour"":""Classy-Groomed"",""ClothingStyle"":""Average"",""ImageQuality"":""Average"",""Emotion"":""Happy"",""ClothingStyle2"":""Ethnic"",""BodyPose"":""Side""}"
images/Set1/54630_2.jpg,-1,"{}",1,0,"{""name"":""rect"",""x"":32,""y"":17,""width"":47,""height"":55}","{""Accessories"":{""Earings"":true,""OtherJewellery"":true},""Age"":""35-45"",""Weight"":""normal-healthy"",""Gender"":""female"",""Economy-Class"":""middle class"",""Education"":""Educated"",""CarryingBag"":""Grocery/Home/Plastic Bag"",""Footwear"":""Normal"",""Demeanour"":""Classy-Groomed"",""ClothingStyle"":""Average"",""ImageQuality"":""Average"",""Emotion"":""Neutral"",""ClothingStyle2"":""Daily"",""BodyPose"":""Front-Frontish""}"
images/Set1/630_3 (2).jpg,-1,"{}",1,0,"{""name"":""rect"",""x"":35,""y"":35,""width"":51,""height"":65}","{""Accessories"":{""Nothing"":true},""Age"":""25-35"",""Weight"":""normal-healthy"",""Gender"":""female"",""Economy-Class"":""middle class"",""Education"":""Educated"",""CarryingBag"":""None"",""Footwear"":""Normal"",""Demeanour"":""Classy-Groomed"",""ClothingStyle"":""Classy-Fashionable"",""ImageQuality"":""Average"",""Emotion"":""Happy"",""ClothingStyle2"":""Daily"",""BodyPose"":""Side""}"
images/Set1/19590_0 (4).jpg,-1,"{}",1,0,"{""name"":""rect"",""x"":53,""y"":1,""width"":45,""height"":53}","{""Accessories"":{""Nothing"":true},""Age"":""25-35"",""Weight"":""normal-healthy"",""Gender"":""male"",""Economy-Class"":""middle class"",""Education"":""Educated"",""CarryingBag"":""None"",""Footwear"":""Normal"",""Demeanour"":""Average"",""ClothingStyle"":""Average"",""ImageQuality"":""Average"",""Emotion"":""Neutral"",""ClothingStyle2"":""Daily"",""BodyPose"":""Front-Frontish""}"
images/Set1/IMG (4671).jpg,-1,"{}",1,0,"{""name"":""rect"",""x"":56,""y"":1,""width"":88,""height"":62}","{""Accessories"":{""Earings"":true},""Age"":""25-35"",""Weight"":""normal-healthy"",""Gender"":""female"",""Economy-Class"":""middle class"",""Education"":""Educated"",""CarryingBag"":""Daily/Office/Work Bag"",""Footwear"":""Normal"",""Demeanour"":""Classy-Groomed"",""ClothingStyle"":""Classy-Fashionable"",""ImageQuality"":""Average"",""Emotion"":""Happy"",""ClothingStyle2"":""Daily"",""BodyPose"":""Front-Frontish""}"
images/Set1/IMG (6926).jpg,-1,"{}",1,0,"{""name"":""rect"",""x"":80,""y"":12,""width"":125,""height"":114}","{""Accessories"":{""Nothing"":true},""Age"":""45-55"",""Weight"":""slightly-overweight"",""Gender"":""male"",""Economy-Class"":""middle class"",""Education"":""Educated"",""CarryingBag"":""None"",""Footwear"":""CantSee"",""Demeanour"":""Average"",""ClothingStyle"":""Average"",""ImageQuality"":""Average"",""Emotion"":""Neutral"",""ClothingStyle2"":""Daily"",""BodyPose"":""Back""}"
images/Set1/23430_1 (3).jpg,-1,"{}",1,0,"{""name"":""rect"",""x"":473,""y"":94,""width"":446,""height"":435}","{""Accessories"":{""Cap"":true},""Age"":""45-55"",""Weight"":""normal-healthy"",""Gender"":""male"",""Economy-Class"":""upper class"",""Education"":""Educated"",""CarryingBag"":""None"",""Footwear"":""CantSee"",""Demeanour"":""Average"",""ClothingStyle"":""Classy-Fashionable"",""ImageQuality"":""Good"",""Emotion"":""Neutral"",""ClothingStyle2"":""Daily"",""BodyPose"":""Front-Frontish""}"
images/Set1/IMG (7772).jpg,-1,"{}",1,0,"{""name"":""rect"",""x"":172,""y"":18,""width"":73,""height"":77}","{""Accessories"":{""Watch"":true},""Age"":""35-45"",""Weight"":""slightly-overweight"",""Gender"":""male"",""Economy-Class"":""middle class"",""Education"":""Educated"",""CarryingBag"":""None"",""Footwear"":""CantSee"",""Demeanour"":""Average"",""ClothingStyle"":""Average"",""ImageQuality"":""Bad"",""Emotion"":""Neutral"",""ClothingStyle2"":""Daily"",""BodyPose"":""Side""}"
images/Set1/12870_1 (2).jpg,-1,"{}",1,0,"{""name"":""rect"",""x"":150,""y"":13,""width"":142,""height"":141}","{""Accessories"":{""OtherJewellery"":true},""Age"":""35-45"",""Weight"":""underweight"",""Gender"":""male"",""Economy-Class"":""lower middle class"",""Education"":""Uneducation"",""CarryingBag"":""None"",""Footwear"":""CantSee"",""Demeanour"":""Average"",""ClothingStyle"":""Average"",""ImageQuality"":""Good"",""Emotion"":""Angry/Serious"",""ClothingStyle2"":""Daily"",""BodyPose"":""Front-Frontish""}"
images/Set1/5250_0 (3).jpg,-1,"{}",1,0,"{""name"":""rect"",""x"":41,""y"":0,""width"":46,""height"":52}","{""Accessories"":{""Watch"":true},""Age"":""25-35"",""Weight"":""normal-healthy"",""Gender"":""male"",""Economy-Class"":""middle class"",""Education"":""Educated"",""CarryingBag"":""Daily/Office/Work Bag"",""Footwear"":""Fancy"",""Demeanour"":""Average"",""ClothingStyle"":""Average"",""ImageQuality"":""Bad"",""Emotion"":""Angry/Serious"",""ClothingStyle2"":""Daily"",""BodyPose"":""Front-Frontish""}"
images/Set1/IMG (1189).jpg,-1,"{}",1,0,"{""name"":""rect"",""x"":35,""y"":10,""width"":56,""height"":61}","{""Accessories"":{""Nothing"":true},""Age"":""25-35"",""Weight"":""slightly-overweight"",""Gender"":""male"",""Economy-Class"":""middle class"",""Education"":""Educated"",""CarryingBag"":""None"",""Footwear"":""CantSee"",""Demeanour"":""Average"",""ClothingStyle"":""Average"",""ImageQuality"":""Average"",""Emotion"":""Happy"",""ClothingStyle2"":""Daily"",""BodyPose"":""Side""}"
images/Set1/IMG (5058).jpg,-1,"{}",1,0,"{""name"":""rect"",""x"":33,""y"":22,""width"":39,""height"":47}","{""Accessories"":{""Nothing"":true},""Age"":""45-55"",""Weight"":""normal-healthy"",""Gender"":""male"",""Economy-Class"":""lower middle class"",""Education"":""Uneducation"",""CarryingBag"":""None"",""Footwear"":""Normal"",""Demeanour"":""Average"",""ClothingStyle"":""Below Average"",""ImageQuality"":""Bad"",""Emotion"":""Neutral"",""ClothingStyle2"":""Daily"",""BodyPose"":""Front-Frontish""}"
images/Set1/34470_0 (2).jpg,-1,"{}",1,0,"{""name"":""rect"",""x"":47,""y"":27,""width"":49,""height"":50}","{""Accessories"":{""Nothing"":true},""Age"":""25-35"",""Weight"":""normal-healthy"",""Gender"":""female"",""Economy-Class"":""middle class"",""Education"":""Educated"",""CarryingBag"":""None"",""Footwear"":""CantSee"",""Demeanour"":""Classy-Groomed"",""ClothingStyle"":""Classy-Fashionable"",""ImageQuality"":""Average"",""Emotion"":""Neutral"",""ClothingStyle2"":""Formal/Business"",""BodyPose"":""Front-Frontish""}"
images/Set1/IMG (4331).jpg,-1,"{}",1,0,"{""name"":""rect"",""x"":63,""y"":6,""width"":58,""height"":51}","{""Accessories"":{""Cap"":true},""Age"":""25-35"",""Weight"":""normal-healthy"",""Gender"":""male"",""Economy-Class"":""middle class"",""Education"":""Educated"",""CarryingBag"":""None"",""Footwear"":""Normal"",""Demeanour"":""Average"",""ClothingStyle"":""Average"",""ImageQuality"":""Bad"",""Emotion"":""Neutral"",""ClothingStyle2"":""Daily"",""BodyPose"":""Front-Frontish""}"
images/Set1/4050_4.jpg,-1,"{}",1,0,"{""name"":""rect"",""x"":76,""y"":9,""width"":55,""height"":57}","{""Accessories"":{""Earings"":true},""Age"":""25-35"",""Weight"":""underweight"",""Gender"":""female"",""Economy-Class"":""middle class"",""Education"":""Educated"",""CarryingBag"":""Daily/Office/Work Bag"",""Footwear"":""Fancy"",""Demeanour"":""Classy-Groomed"",""ClothingStyle"":""Classy-Fashionable"",""ImageQuality"":""Average"",""Emotion"":""Sad"",""ClothingStyle2"":""Daily"",""BodyPose"":""Front-Frontish""}"
images/Set1/13890_3.jpg,-1,"{}",1,0,"{""name"":""rect"",""x"":124,""y"":11,""width"":72,""height"":83}","{""Accessories"":{},""Age"":""45-55"",""Weight"":""slightly-overweight"",""Gender"":""female"",""Economy-Class"":""middle class"",""Education"":""Educated"",""CarryingBag"":""Daily/Office/Work Bag"",""Footwear"":""CantSee"",""Demeanour"":""Classy-Groomed"",""ClothingStyle"":""Classy-Fashionable"",""ImageQuality"":""Bad"",""Emotion"":""Angry/Serious"",""ClothingStyle2"":""Daily"",""BodyPose"":""Front-Frontish""}"
images/Set1/27330_0 (2).jpg,-1,"{}",1,0,"{""name"":""rect"",""x"":153,""y"":28,""width"":176,""height"":175}","{""Accessories"":{""Cap"":true},""Age"":""15-25"",""Weight"":""slightly-overweight"",""Gender"":""male"",""Economy-Class"":""lower middle class"",""Education"":""Uneducation"",""CarryingBag"":""None"",""Footwear"":""CantSee"",""Demeanour"":""Unkept"",""ClothingStyle"":""Average"",""ImageQuality"":""Average"",""Emotion"":""Happy"",""ClothingStyle2"":""Daily"",""BodyPose"":""Front-Frontish""}"
images/Set1/IMG (1963).jpg,-1,"{}",1,0,"{""name"":""rect"",""x"":38,""y"":15,""width"":54,""height"":45}","{""Accessories"":{""Watch"":true},""Age"":""15-25"",""Weight"":""normal-healthy"",""Gender"":""male"",""Economy-Class"":""middle class"",""Education"":""Educated"",""CarryingBag"":""Grocery/Home/Plastic Bag"",""Footwear"":""Fancy"",""Demeanour"":""Average"",""ClothingStyle"":""Average"",""ImageQuality"":""Average"",""Emotion"":""Neutral"",""ClothingStyle2"":""Daily"",""BodyPose"":""Back""}"
images/Set1/IMG (2037).jpg,-1,"{}",1,0,"{""name"":""rect"",""x"":44,""y"":1,""width"":47,""height"":38}","{""Accessories"":{""Watch"":true},""Age"":""25-35"",""Weight"":""normal-healthy"",""Gender"":""male"",""Economy-Class"":""middle class"",""Education"":""Educated"",""CarryingBag"":""None"",""Footwear"":""Normal"",""Demeanour"":""Average"",""ClothingStyle"":""Average"",""ImageQuality"":""Average"",""Emotion"":""Neutral"",""ClothingStyle2"":""Daily"",""BodyPose"":""Back""}"
images/Set1/11430_2 (3).jpg,-1,"{}",1,0,"{""name"":""rect"",""x"":56,""y"":1,""width"":50,""height"":50}","{""Accessories"":{""Nothing"":true},""Age"":""25-35"",""Weight"":""normal-healthy"",""Gender"":""female"",""Economy-Class"":""middle class"",""Education"":""Educated"",""CarryingBag"":""Shopping "",""Footwear"":""Fancy"",""Demeanour"":""Average"",""ClothingStyle"":""Classy-Fashionable"",""ImageQuality"":""Bad"",""Emotion"":""Neutral"",""ClothingStyle2"":""Formal/Business"",""BodyPose"":""Front-Frontish""}"
images/Set1/11850_2.jpg,-1,"{}",1,0,"{""name"":""rect"",""x"":69,""y"":16,""width"":110,""height"":81}","{""Accessories"":{""Nothing"":true},""Age"":""25-35"",""Weight"":""normal-healthy"",""Gender"":""male"",""Economy-Class"":""middle class"",""Education"":""Educated"",""CarryingBag"":""Daily/Office/Work Bag"",""Footwear"":""Normal"",""Demeanour"":""Average"",""ClothingStyle"":""Classy-Fashionable"",""ImageQuality"":""Average"",""Emotion"":""Neutral"",""ClothingStyle2"":""Formal/Business"",""BodyPose"":""Back""}"
images/Set1/47730_1.jpg,-1,"{}",1,0,"{""name"":""rect"",""x"":15,""y"":27,""width"":105,""height"":66}","{""Accessories"":{""OtherJewellery"":true},""Age"":""25-35"",""Weight"":""normal-healthy"",""Gender"":""male"",""Economy-Class"":""lower middle class"",""Education"":""Uneducation"",""CarryingBag"":""None"",""Footwear"":""Normal"",""Demeanour"":""Average"",""ClothingStyle"":""Average"",""ImageQuality"":""Average"",""Emotion"":""Neutral"",""ClothingStyle2"":""Daily"",""BodyPose"":""Front-Frontish""}"
images/Set1/IMG (5670).jpg,-1,"{}",1,0,"{""name"":""rect"",""x"":46,""y"":36,""width"":450,""height"":217}","{""Accessories"":{""Watch"":true,""Sunglasses"":true},""Age"":""55+"",""Weight"":""slightly-overweight"",""Gender"":""male"",""Economy-Class"":""middle class"",""Education"":""Educated"",""CarryingBag"":""None"",""Footwear"":""CantSee"",""Demeanour"":""Classy-Groomed"",""ClothingStyle"":""Average"",""ImageQuality"":""Good"",""Emotion"":""Sad""}"
images/Set1/IMG (1552).jpg,-1,"{}",1,0,"{""name"":""rect"",""x"":20,""y"":27,""width"":36,""height"":41}","{""Accessories"":{},""Age"":""35-45"",""Weight"":""normal-healthy"",""Gender"":""male"",""Economy-Class"":""middle class"",""Education"":""Uneducation"",""CarryingBag"":""None"",""Footwear"":""Normal"",""Demeanour"":""Unkept"",""ClothingStyle"":""Average"",""ImageQuality"":""Bad"",""Emotion"":""Neutral"",""ClothingStyle2"":""Daily"",""BodyPose"":""Front-Frontish""}"
images/Set1/5190_4.jpg,-1,"{}",1,0,"{""name"":""rect"",""x"":38,""y"":8,""width"":116,""height"":83}","{""Accessories"":{""Nothing"":true},""Age"":""25-35"",""Weight"":""normal-healthy"",""Gender"":""female"",""Economy-Class"":""upper class"",""Education"":""Highly Educated"",""CarryingBag"":""Daily/Office/Work Bag"",""Footwear"":""CantSee"",""Demeanour"":""Classy-Groomed"",""ClothingStyle"":""Classy-Fashionable"",""ImageQuality"":""Average"",""Emotion"":""Happy"",""ClothingStyle2"":""Daily"",""BodyPose"":""Front-Frontish""}"
images/Set1/19500_3.jpg,-1,"{}",1,0,"{""name"":""rect"",""x"":230,""y"":58,""width"":266,""height"":219}","{""Accessories"":{""OtherJewellery"":true,""Cap"":true,""Watch"":true},""Age"":""25-35"",""Weight"":""slightly-overweight"",""Gender"":""male"",""Economy-Class"":""lower middle class"",""Education"":""Educated"",""CarryingBag"":""None"",""Footwear"":""CantSee"",""Demeanour"":""Average"",""ClothingStyle"":""Average"",""ImageQuality"":""Good"",""Emotion"":""Angry/Serious"",""ClothingStyle2"":""Formal/Business"",""BodyPose"":""Front-Frontish""}"
images/Set1/23340_2.jpg,-1,"{}",1,0,"{""name"":""rect"",""x"":4,""y"":10,""width"":38,""height"":45}","{""Accessories"":{""Nothing"":true},""Age"":""25-35"",""Weight"":""slightly-overweight"",""Gender"":""female"",""Economy-Class"":""middle class"",""Education"":""Educated"",""CarryingBag"":""Daily/Office/Work Bag"",""Footwear"":""Normal"",""Demeanour"":""Average"",""ClothingStyle"":""Average"",""ImageQuality"":""Bad"",""Emotion"":""Neutral"",""ClothingStyle2"":""Daily"",""BodyPose"":""Back""}"
images/Set1/IMG (5137).jpg,-1,"{}",1,0,"{""name"":""rect"",""x"":44,""y"":26,""width"":52,""height"":46}","{""Accessories"":{""Nothing"":true},""Age"":""25-35"",""Weight"":""underweight"",""Gender"":""male"",""Economy-Class"":""lower middle class"",""Education"":""Uneducation"",""CarryingBag"":""None"",""Footwear"":""Normal"",""Demeanour"":""Average"",""ClothingStyle"":""Average"",""ImageQuality"":""Average"",""Emotion"":""Neutral"",""ClothingStyle2"":""Formal/Business"",""BodyPose"":""Back""}"
images/Set1/IMG (2035).jpg,-1,"{}",1,0,"{""name"":""rect"",""x"":17,""y"":2,""width"":53,""height"":31}","{""Accessories"":{""Nothing"":true},""Age"":""25-35"",""Weight"":""normal-healthy"",""Gender"":""male"",""Economy-Class"":""middle class"",""Education"":""Educated"",""CarryingBag"":""None"",""Footwear"":""Normal"",""Demeanour"":""Average"",""ClothingStyle"":""Average"",""ImageQuality"":""Average"",""Emotion"":""Neutral"",""ClothingStyle2"":""Daily"",""BodyPose"":""Back""}"
images/Set1/1560_1.jpg,-1,"{}",1,0,"{""name"":""rect"",""x"":27,""y"":12,""width"":89,""height"":76}","{""Accessories"":{""Nothing"":true},""Age"":""15-25"",""Weight"":""normal-healthy"",""Gender"":""female"",""Economy-Class"":""middle class"",""Education"":""Educated"",""CarryingBag"":""None"",""Footwear"":""Normal"",""Demeanour"":""Average"",""ClothingStyle"":""Average"",""ImageQuality"":""Average"",""Emotion"":""Neutral"",""ClothingStyle2"":""Daily"",""BodyPose"":""Side""}"
images/Set1/IMG (533).jpg,-1,"{}",1,0,"{""name"":""rect"",""x"":53,""y"":3,""width"":78,""height"":54}","{""Accessories"":{""Nothing"":true},""Age"":""35-45"",""Weight"":""slightly-overweight"",""Gender"":""female"",""Economy-Class"":""middle class"",""Education"":""Educated"",""CarryingBag"":""Shopping "",""Demeanour"":""Average"",""Footwear"":""Normal"",""ClothingStyle"":""Average"",""ImageQuality"":""Average"",""Emotion"":""Neutral"",""ClothingStyle2"":""Daily"",""BodyPose"":""Side""}"
images/Set1/IMG (8113).jpg,-1,"{}",1,0,"{""name"":""rect"",""x"":28,""y"":50,""width"":72,""height"":65}","{""Accessories"":{""Earings"":true,""OtherJewellery"":true},""Age"":""35-45"",""Weight"":""slightly-overweight"",""Gender"":""female"",""Economy-Class"":""middle class"",""Education"":""Educated"",""CarryingBag"":""Daily/Office/Work Bag"",""Footwear"":""CantSee"",""Demeanour"":""Average"",""ClothingStyle"":""Average"",""ImageQuality"":""Average"",""Emotion"":""Happy"",""ClothingStyle2"":""Daily"",""BodyPose"":""Front-Frontish""}"
images/Set1/8490_3 (3).jpg,-1,"{}",1,0,"{""name"":""rect"",""x"":3,""y"":5,""width"":78,""height"":38}","{""Accessories"":{""Earings"":true,""Watch"":true,""Cap"":true,""OtherJewellery"":true},""Age"":""45-55"",""Weight"":""normal-healthy"",""Gender"":""female"",""Economy-Class"":""upper class"",""Education"":""Highly Educated"",""CarryingBag"":""Daily/Office/Work Bag"",""Footwear"":""Normal"",""Demeanour"":""Classy-Groomed"",""ClothingStyle"":""Classy-Fashionable"",""ImageQuality"":""Bad"",""Emotion"":""Happy"",""ClothingStyle2"":""Ethnic"",""BodyPose"":""Front-Frontish""}"
images/Set1/31950_2.jpg,-1,"{}",1,0,"{""name"":""rect"",""x"":189,""y"":6,""width"":167,""height"":108}","{""Accessories"":{""Watch"":true,""OtherJewellery"":true},""Age"":""15-25"",""Weight"":""normal-healthy"",""Gender"":""female"",""Economy-Class"":""middle class"",""Education"":""Educated"",""CarryingBag"":""Daily/Office/Work Bag"",""Footwear"":""CantSee"",""Demeanour"":""Average"",""ClothingStyle"":""Average"",""Emotion"":""Neutral"",""ImageQuality"":""Average"",""ClothingStyle2"":""Daily"",""BodyPose"":""Front-Frontish""}"
images/Set1/32040_1.jpg,-1,"{}",1,0,"{""name"":""rect"",""x"":54,""y"":42,""width"":168,""height"":136}","{""Accessories"":{""Nothing"":true},""Age"":""15-25"",""Weight"":""normal-healthy"",""Gender"":""male"",""Economy-Class"":""lower middle class"",""Education"":""Educated"",""CarryingBag"":""None"",""Footwear"":""CantSee"",""Demeanour"":""Average"",""ClothingStyle"":""Average"",""ImageQuality"":""Average"",""Emotion"":""Neutral"",""ClothingStyle2"":""Daily"",""BodyPose"":""Back""}"
images/Set1/IMG (5588).jpg,-1,"{}",1,0,"{""name"":""rect"",""x"":262,""y"":24,""width"":307,""height"":364}","{""Accessories"":{""Earings"":true},""Age"":""35-45"",""Weight"":""normal-healthy"",""Gender"":""female"",""Economy-Class"":""upper class"",""Education"":""Educated"",""CarryingBag"":""Daily/Office/Work Bag"",""Footwear"":""CantSee"",""Demeanour"":""Average"",""ClothingStyle"":""Classy-Fashionable"",""ImageQuality"":""Bad"",""Emotion"":""Neutral"",""ClothingStyle2"":""Daily"",""BodyPose"":""Front-Frontish""}"
images/Set1/5100_3 (2).jpg,-1,"{}",1,0,"{""name"":""rect"",""x"":42,""y"":2,""width"":51,""height"":34}","{""Accessories"":{""Watch"":true},""Age"":""35-45"",""Weight"":""normal-healthy"",""Gender"":""female"",""Economy-Class"":""upper class"",""Education"":""Highly Educated"",""CarryingBag"":""Daily/Office/Work Bag"",""Footwear"":""Fancy"",""Demeanour"":""Classy-Groomed"",""ClothingStyle"":""Classy-Fashionable"",""ImageQuality"":""Bad"",""Emotion"":""Neutral"",""ClothingStyle2"":""Formal/Business"",""BodyPose"":""Side""}"
images/Set1/1410_1 (2).jpg,-1,"{}",1,0,"{""name"":""rect"",""x"":14,""y"":33,""width"":120,""height"":141}","{""Accessories"":{""Nothing"":true},""Age"":""25-35"",""Weight"":""normal-healthy"",""Gender"":""male"",""Economy-Class"":""lower middle class"",""Education"":""Uneducation"",""CarryingBag"":""None"",""Footwear"":""CantSee"",""Demeanour"":""Unkept"",""ClothingStyle"":""Below Average"",""ImageQuality"":""Average"",""Emotion"":""Angry/Serious"",""ClothingStyle2"":""Daily"",""BodyPose"":""Side""}"
images/Set1/IMG (4456).jpg,-1,"{}",1,0,"{""name"":""rect"",""x"":99,""y"":20,""width"":119,""height"":87}","{""Accessories"":{""Nothing"":true},""Age"":""25-35"",""Weight"":""over-weight"",""Gender"":""male"",""Economy-Class"":""middle class"",""Education"":""Educated"",""CarryingBag"":""None"",""Footwear"":""CantSee"",""Demeanour"":""Average"",""ClothingStyle"":""Average"",""ImageQuality"":""Average"",""Emotion"":""Neutral"",""ClothingStyle2"":""Daily"",""BodyPose"":""Side""}"
images/Set1/8910_1 (4).jpg,-1,"{}",1,0,"{""name"":""rect"",""x"":54,""y"":26,""width"":123,""height"":118}","{""Accessories"":{""Earings"":true,""Watch"":true,""Cap"":true,""OtherJewellery"":true,""Sunglasses"":true},""Age"":""15-25"",""Weight"":""normal-healthy"",""Gender"":""female"",""Economy-Class"":""upper class"",""Education"":""Educated"",""CarryingBag"":""Daily/Office/Work Bag"",""Footwear"":""Normal"",""ClothingStyle"":""Classy-Fashionable"",""Demeanour"":""Classy-Groomed"",""Emotion"":""Neutral"",""ImageQuality"":""Average"",""ClothingStyle2"":""Daily"",""BodyPose"":""Front-Frontish""}"
images/Set1/6300_1 (3).jpg,-1,"{}",1,0,"{""name"":""rect"",""x"":38,""y"":4,""width"":113,""height"":108}","{""Accessories"":{""Earings"":true,""Watch"":true},""Age"":""25-35"",""Weight"":""normal-healthy"",""Gender"":""female"",""Economy-Class"":""upper class"",""Education"":""Educated"",""CarryingBag"":""Daily/Office/Work Bag"",""Footwear"":""Normal"",""Demeanour"":""Average"",""ClothingStyle"":""Average"",""ImageQuality"":""Average"",""Emotion"":""Neutral"",""ClothingStyle2"":""Daily"",""BodyPose"":""Front-Frontish""}"
images/Set1/8100_0 (5).jpg,-1,"{}",1,0,"{""name"":""rect"",""x"":28,""y"":15,""width"":54,""height"":57}","{""Accessories"":{""Watch"":true},""Age"":""15-25"",""Weight"":""normal-healthy"",""Gender"":""male"",""Economy-Class"":""upper class"",""Education"":""Highly Educated"",""CarryingBag"":""None"",""Footwear"":""Normal"",""Demeanour"":""Classy-Groomed"",""ClothingStyle"":""Classy-Fashionable"",""ImageQuality"":""Average"",""Emotion"":""Happy"",""ClothingStyle2"":""Daily"",""BodyPose"":""Front-Frontish""}"
images/Set2/21750_5.jpg,-1,"{}",1,0,"{""name"":""rect"",""x"":355,""y"":42,""width"":251,""height"":255}","{""Accessories"":{""Earings"":true},""Age"":""15-25"",""Weight"":""normal-healthy"",""Gender"":""female"",""Economy-Class"":""middle class"",""Education"":""Educated"",""CarryingBag"":""Daily/Office/Work Bag"",""Footwear"":""CantSee"",""Demeanour"":""Average"",""ClothingStyle"":""Average"",""ImageQuality"":""Good"",""Emotion"":""Angry/Serious"",""ClothingStyle2"":""Daily"",""BodyPose"":""Front-Frontish""}"
images/Set2/1860_1.jpg,-1,"{}",1,0,"{""name"":""rect"",""x"":55,""y"":11,""width"":81,""height"":79}","{""Accessories"":{""Watch"":true},""Age"":""15-25"",""Weight"":""normal-healthy"",""Gender"":""male"",""Economy-Class"":""upper class"",""Education"":""Educated"",""CarryingBag"":""Daily/Office/Work Bag"",""Footwear"":""Normal"",""Demeanour"":""Average"",""ClothingStyle"":""Average"",""ImageQuality"":""Bad"",""Emotion"":""Neutral"",""ClothingStyle2"":""Daily"",""BodyPose"":""Front-Frontish""}"
images/Set2/29580_4.jpg,-1,"{}",1,0,"{""name"":""rect"",""x"":71,""y"":6,""width"":65,""height"":65}","{""Accessories"":{""Earings"":true,""OtherJewellery"":true},""Age"":""25-35"",""Weight"":""normal-healthy"",""Economy-Class"":""middle class"",""Gender"":""female"",""Education"":""Educated"",""CarryingBag"":""Daily/Office/Work Bag"",""Footwear"":""Normal"",""Demeanour"":""Average"",""ClothingStyle"":""Average"",""ImageQuality"":""Bad"",""Emotion"":""Neutral"",""ClothingStyle2"":""Daily"",""BodyPose"":""Front-Frontish""}"
images/Set2/30780_2 (2).jpg,-1,"{}",1,0,"{""name"":""rect"",""x"":127,""y"":11,""width"":184,""height"":155}","{""Accessories"":{""Watch"":true},""Age"":""35-45"",""Weight"":""slightly-overweight"",""Gender"":""male"",""Economy-Class"":""upper class"",""Education"":""Educated"",""CarryingBag"":""None"",""Footwear"":""CantSee"",""Demeanour"":""Average"",""ClothingStyle"":""Average"",""ImageQuality"":""Average"",""Emotion"":""Happy"",""ClothingStyle2"":""Daily"",""BodyPose"":""Front-Frontish""}"
images/Set2/29970_0.jpg,-1,"{}",1,0,"{""name"":""rect"",""x"":187,""y"":0,""width"":111,""height"":132}","{""Accessories"":{""Cap"":true},""Age"":""15-25"",""Weight"":""normal-healthy"",""Gender"":""male"",""Economy-Class"":""middle class"",""Education"":""Educated"",""CarryingBag"":""None"",""Footwear"":""Normal"",""Demeanour"":""Average"",""ClothingStyle"":""Average"",""ImageQuality"":""Bad"",""Emotion"":""Happy"",""ClothingStyle2"":""Daily"",""BodyPose"":""Front-Frontish""}"
images/Set2/11040_1.jpg,-1,"{}",1,0,"{""name"":""rect"",""x"":114,""y"":0,""width"":128,""height"":114}","{""Accessories"":{""Nothing"":true},""Age"":""55+"",""Weight"":""normal-healthy"",""Gender"":""male"",""Economy-Class"":""upper class"",""Education"":""Highly Educated"",""CarryingBag"":""Daily/Office/Work Bag"",""Footwear"":""Normal"",""Demeanour"":""Classy-Groomed"",""ClothingStyle"":""Classy-Fashionable"",""ImageQuality"":""Average"",""Emotion"":""Angry/Serious"",""ClothingStyle2"":""Formal/Business"",""BodyPose"":""Front-Frontish""}"
images/Set2/5550_3.jpg,-1,"{}",1,0,"{""name"":""rect"",""x"":68,""y"":43,""width"":40,""height"":70}","{""Accessories"":{""Nothing"":true},""Age"":""25-35"",""Weight"":""slightly-overweight"",""Gender"":""female"",""Economy-Class"":""upper class"",""Education"":""Highly Educated"",""CarryingBag"":""Daily/Office/Work Bag"",""Footwear"":""Normal"",""Demeanour"":""Classy-Groomed"",""ClothingStyle"":""Classy-Fashionable"",""ImageQuality"":""Average"",""Emotion"":""Neutral"",""ClothingStyle2"":""Formal/Business"",""BodyPose"":""Front-Frontish""}"
images/Set2/13170_0.jpg,-1,"{}",1,0,"{""name"":""rect"",""x"":95,""y"":9,""width"":79,""height"":70}","{""Accessories"":{""Nothing"":true},""Age"":""25-35"",""Weight"":""slightly-overweight"",""Gender"":""male"",""Economy-Class"":""middle class"",""Education"":""Educated"",""CarryingBag"":""None"",""Footwear"":""Normal"",""Demeanour"":""Average"",""ClothingStyle"":""Average"",""Emotion"":""Neutral"",""ImageQuality"":""Average"",""ClothingStyle2"":""Sports"",""BodyPose"":""Back""}"
images/Set2/35490_0.jpg,-1,"{}",1,0,"{""name"":""rect"",""x"":86,""y"":2,""width"":70,""height"":56}","{""Accessories"":{""Nothing"":true},""Age"":""25-35"",""Weight"":""normal-healthy"",""Gender"":""female"",""Economy-Class"":""upper class"",""Education"":""Highly Educated"",""CarryingBag"":""Daily/Office/Work Bag"",""Footwear"":""Normal"",""Demeanour"":""Classy-Groomed"",""ClothingStyle"":""Classy-Fashionable"",""ImageQuality"":""Average"",""Emotion"":""Neutral"",""ClothingStyle2"":""Formal/Business"",""BodyPose"":""Back""}"
images/Set2/44460_1.jpg,-1,"{}",1,0,"{""name"":""rect"",""x"":87,""y"":3,""width"":77,""height"":59}","{""Accessories"":{""Sunglasses"":true},""Age"":""25-35"",""Weight"":""slightly-overweight"",""Gender"":""male"",""Economy-Class"":""upper class"",""Education"":""Educated"",""CarryingBag"":""None"",""Footwear"":""Normal"",""Demeanour"":""Average"",""ClothingStyle"":""Average"",""ImageQuality"":""Average"",""Emotion"":""Happy"",""ClothingStyle2"":""Sports"",""BodyPose"":""Front-Frontish""}"
images/Set2/300_4.jpg,-1,"{}",1,0,"{""name"":""rect"",""x"":20,""y"":10,""width"":60,""height"":69}","{""Accessories"":{""Nothing"":true},""Age"":""25-35"",""Weight"":""slightly-overweight"",""Gender"":""female"",""Economy-Class"":""middle class"",""Education"":""Highly Educated"",""CarryingBag"":""Daily/Office/Work Bag"",""Demeanour"":""Classy-Groomed"",""Footwear"":""Normal"",""ClothingStyle"":""Average"",""ImageQuality"":""Average"",""Emotion"":""Neutral"",""ClothingStyle2"":""Formal/Business"",""BodyPose"":""Back""}"
images/Set2/15990_10.jpg,-1,"{}",1,0,"{""name"":""rect"",""x"":37,""y"":12,""width"":53,""height"":68}","{""Accessories"":{""Cap"":true},""Age"":""25-35"",""Weight"":""normal-healthy"",""Gender"":""male"",""Economy-Class"":""upper class"",""Education"":""Highly Educated"",""CarryingBag"":""Grocery/Home/Plastic Bag"",""Footwear"":""Normal"",""Demeanour"":""Classy-Groomed"",""ClothingStyle"":""Classy-Fashionable"",""ImageQuality"":""Average"",""Emotion"":""Happy"",""ClothingStyle2"":""Daily"",""BodyPose"":""Front-Frontish""}"
images/Set2/40590_3.jpg,-1,"{}",1,0,"{""name"":""rect"",""x"":386,""y"":25,""width"":238,""height"":316}","{""Accessories"":{""Earings"":true},""Age"":""25-35"",""Weight"":""normal-healthy"",""Economy-Class"":""middle class"",""Gender"":""female"",""Education"":""Educated"",""CarryingBag"":""Shopping "",""Footwear"":""CantSee"",""Demeanour"":""Average"",""ClothingStyle"":""Average"",""ImageQuality"":""Good"",""Emotion"":""Neutral"",""ClothingStyle2"":""Daily"",""BodyPose"":""Side""}"
images/Set2/10710_4 (2).jpg,-1,"{}",1,0,"{""name"":""rect"",""x"":64,""y"":5,""width"":82,""height"":84}","{""Accessories"":{""Nothing"":true},""Age"":""15-25"",""Weight"":""normal-healthy"",""Gender"":""female"",""Economy-Class"":""middle class"",""Education"":""Educated"",""CarryingBag"":""Daily/Office/Work Bag"",""Footwear"":""Normal"",""Demeanour"":""Average"",""ClothingStyle"":""Average"",""ImageQuality"":""Average"",""Emotion"":""Neutral"",""ClothingStyle2"":""Formal/Business"",""BodyPose"":""Back""}"
images/Set2/6000_9.jpg,-1,"{}",1,0,"{""name"":""rect"",""x"":18,""y"":16,""width"":82,""height"":95}","{""Accessories"":{""Sunglasses"":true},""Age"":""25-35"",""Weight"":""normal-healthy"",""Gender"":""female"",""Economy-Class"":""middle class"",""Education"":""Highly Educated"",""CarryingBag"":""Daily/Office/Work Bag"",""Demeanour"":""Average"",""Footwear"":""Normal"",""ClothingStyle"":""Average"",""ImageQuality"":""Average"",""Emotion"":""Neutral"",""ClothingStyle2"":""Daily"",""BodyPose"":""Front-Frontish""}"
images/Set3/36270_2.jpg,-1,"{}",1,0,"{""name"":""rect"",""x"":104,""y"":24,""width"":105,""height"":118}","{""Accessories"":{""Sunglasses"":true,""Earings"":true,""OtherJewellery"":true},""Age"":""25-35"",""Weight"":""normal-healthy"",""Gender"":""female"",""Economy-Class"":""upper class"",""Education"":""Educated"",""CarryingBag"":""Daily/Office/Work Bag"",""Footwear"":""Normal"",""Demeanour"":""Classy-Groomed"",""ClothingStyle"":""Classy-Fashionable"",""ImageQuality"":""Good"",""Emotion"":""Neutral"",""ClothingStyle2"":""Daily"",""BodyPose"":""Front-Frontish""}"
images/Set3/5910_1 (2).jpg,-1,"{}",1,0,"{""name"":""rect"",""x"":164,""y"":7,""width"":109,""height"":118}","{""Accessories"":{""Watch"":true},""Age"":""25-35"",""Weight"":""over-weight"",""Gender"":""female"",""Economy-Class"":""lower middle class"",""Education"":""Educated"",""CarryingBag"":""None"",""Footwear"":""Normal"",""Demeanour"":""Average"",""ClothingStyle"":""Average"",""Emotion"":""Happy"",""ImageQuality"":""Good"",""ClothingStyle2"":""Formal/Business"",""BodyPose"":""Front-Frontish""}"
images/Set3/11430_3.jpg,-1,"{}",1,0,"{""name"":""rect"",""x"":26,""y"":2,""width"":59,""height"":50}","{""Accessories"":{""Nothing"":true},""Age"":""15-25"",""Weight"":""slightly-overweight"",""Gender"":""female"",""Economy-Class"":""upper class"",""Education"":""Highly Educated"",""CarryingBag"":""Daily/Office/Work Bag"",""Footwear"":""Normal"",""Demeanour"":""Classy-Groomed"",""ClothingStyle"":""Classy-Fashionable"",""ImageQuality"":""Average"",""Emotion"":""Neutral"",""ClothingStyle2"":""Daily"",""BodyPose"":""Side""}"
images/Set3/71460_6.jpg,-1,"{}",1,0,"{""name"":""rect"",""x"":34,""y"":0,""width"":59,""height"":46}","{""Accessories"":{""Sunglasses"":true},""Age"":""45-55"",""Weight"":""slightly-overweight"",""Gender"":""female"",""Economy-Class"":""middle class"",""Education"":""Educated"",""CarryingBag"":""Daily/Office/Work Bag"",""Footwear"":""Normal"",""Demeanour"":""Average"",""ClothingStyle"":""Average"",""ImageQuality"":""Bad"",""Emotion"":""Neutral"",""ClothingStyle2"":""Formal/Business"",""BodyPose"":""Front-Frontish""}"
images/Set3/1260_0 (2).jpg,-1,"{}",1,0,"{""name"":""rect"",""x"":92,""y"":0,""width"":113,""height"":103}","{""Accessories"":{""Watch"":true},""Age"":""25-35"",""Weight"":""slightly-overweight"",""Gender"":""male"",""Economy-Class"":""middle class"",""Education"":""Educated"",""CarryingBag"":""None"",""Footwear"":""Normal"",""Demeanour"":""Average"",""ClothingStyle"":""Average"",""ImageQuality"":""Average"",""Emotion"":""Neutral"",""ClothingStyle2"":""Sports"",""BodyPose"":""Side""}"
images/Set3/3570_7.jpg,-1,"{}",1,0,"{""name"":""rect"",""x"":15,""y"":10,""width"":44,""height"":60}","{""Accessories"":{""Nothing"":true},""Age"":""15-25"",""Weight"":""slightly-overweight"",""Gender"":""female"",""Economy-Class"":""middle class"",""Education"":""Highly Educated"",""CarryingBag"":""Daily/Office/Work Bag"",""Footwear"":""Normal"",""Demeanour"":""Average"",""ClothingStyle"":""Average"",""ImageQuality"":""Bad"",""Emotion"":""Neutral"",""ClothingStyle2"":""Daily"",""BodyPose"":""Front-Frontish""}"
images/Set4/45870_2.jpg,-1,"{}",1,0,"{""name"":""rect"",""x"":103,""y"":42,""width"":254,""height"":228}","{""Accessories"":{""Nothing"":true},""Age"":""25-35"",""Weight"":""normal-healthy"",""Gender"":""female"",""Economy-Class"":""middle class"",""Education"":""Educated"",""CarryingBag"":""Daily/Office/Work Bag"",""Footwear"":""CantSee"",""Demeanour"":""Classy-Groomed"",""ClothingStyle"":""Average"",""ImageQuality"":""Good"",""Emotion"":""Sad"",""ClothingStyle2"":""Daily"",""BodyPose"":""Front-Frontish""}"
images/Set4/18000_4.jpg,-1,"{}",1,0,"{""name"":""rect"",""x"":17,""y"":18,""width"":91,""height"":68}","{""Accessories"":{""Nothing"":true},""Age"":""25-35"",""Weight"":""slightly-overweight"",""Gender"":""female"",""Economy-Class"":""middle class"",""Education"":""Educated"",""CarryingBag"":""None"",""Footwear"":""Normal"",""Demeanour"":""Average"",""ClothingStyle"":""Average"",""ImageQuality"":""Bad"",""Emotion"":""Neutral"",""ClothingStyle2"":""Daily"",""BodyPose"":""Front-Frontish""}"
images/Set4/92430_2.jpg,-1,"{}",1,0,"{""name"":""rect"",""x"":113,""y"":101,""width"":192,""height"":239}","{""Accessories"":{""Nothing"":true},""Age"":""45-55"",""Weight"":""normal-healthy"",""Gender"":""female"",""Economy-Class"":""upper class"",""Education"":""Highly Educated"",""CarryingBag"":""Shopping "",""Footwear"":""CantSee"",""Demeanour"":""Average"",""ClothingStyle"":""Average"",""ImageQuality"":""Average"",""Emotion"":""Neutral"",""ClothingStyle2"":""Daily"",""BodyPose"":""Front-Frontish""}"
images/Set4/101460_2.jpg,-1,"{}",1,0,"{""name"":""rect"",""x"":47,""y"":19,""width"":99,""height"":78}","{""Accessories"":{""Watch"":true,""Sunglasses"":true},""Age"":""35-45"",""Weight"":""slightly-overweight"",""Gender"":""female"",""Economy-Class"":""middle class"",""Education"":""Educated"",""CarryingBag"":""None"",""Footwear"":""Fancy"",""Demeanour"":""Average"",""ClothingStyle"":""Classy-Fashionable"",""ImageQuality"":""Average"",""Emotion"":""Neutral"",""ClothingStyle2"":""Daily"",""BodyPose"":""Front-Frontish""}"
images/Set4/11130_7.jpg,-1,"{}",1,0,"{""name"":""rect"",""x"":45,""y"":4,""width"":104,""height"":101}","{""Accessories"":{""Nothing"":true},""Age"":""55+"",""Weight"":""normal-healthy"",""Gender"":""female"",""Economy-Class"":""upper class"",""Education"":""Highly Educated"",""CarryingBag"":""None"",""Footwear"":""CantSee"",""Demeanour"":""Average"",""ClothingStyle"":""Classy-Fashionable"",""ImageQuality"":""Average"",""Emotion"":""Happy"",""ClothingStyle2"":""Daily"",""BodyPose"":""Front-Frontish""}"